src_ip,dst_ip,src_port,Destination Port,protocol,Flow Duration,Total Fwd Packets,Total Backward Packets,Total Length of Fwd Packets,Total Length of Bwd Packets,Fwd Packet Length Max,Fwd Packet Length Min,Fwd Packet Length Mean,Fwd Packet Length Std,Bwd Packet Length Max,Bwd Packet Length Min,Bwd Packet Length Mean,Bwd Packet Length Std,Flow Bytes/s,Flow Packets/s,Flow IAT Mean,Flow IAT Std,Flow IAT Max,Flow IAT Min,Fwd IAT Total,Fwd IAT Mean,Fwd IAT Std,Fwd IAT Max,Fwd IAT Min,Bwd IAT Total,Bwd IAT Mean,Bwd IAT Std,Bwd IAT Max,Bwd IAT Min,Fwd PSH Flags,Bwd PSH Flags,Fwd URG Flags,Bwd URG Flags,Fwd Header Length,Bwd Header Length,Fwd Packets/s,Bwd Packets/s,Min Packet Length,Max Packet Length,Packet Length Mean,Packet Length Std,Packet Length Variance,FIN Flag Count,SYN Flag Count,RST Flag Count,PSH Flag Count,ACK Flag Count,URG Flag Count,CWE Flag Count,ECE Flag Count,Down/Up Ratio,Average Packet Size,Avg Fwd Segment Size,Avg Bwd Segment Size,Fwd Avg Bytes/Bulk,Fwd Avg Packets/Bulk,Fwd Avg Bulk Rate,Bwd Avg Bytes/Bulk,Bwd Avg Packets/Bulk,Bwd Avg Bulk Rate,Subflow Fwd Packets,Subflow Fwd Bytes,Subflow Bwd Packets,Subflow Bwd Bytes,Init_Win_bytes_forward,Init_Win_bytes_backward,act_data_pkt_fwd,min_seg_size_forward,Active Mean,Active Std,Active Max,Active Min,Idle Mean,Idle Std,Idle Max,Idle Min
127.0.0.1,127.0.0.1,49706,8191,TCP,10.009961128234863,0,4,0.0,568,0,0,0,0,240,44,142.0,98.0,56.74347709481665,0.39960195137194826,3.336653709411621,4.718329912725877,10.009379863739014,0.0002892017364501953,0,0.0,0.0,0,0,10.009961128234863,3.336653709411621,4.718329912725877,10.009379863739014,0.0002892017364501953,0,0,0,0,0.0,80,0.0,0.39960195137194826,44,240,142.0,98.0,9604.0,0,0,0,0,0,0,0,0,0,142.0,0,142.0,0,0,0,0,0,0,0,0.0,4,568,827,0,0,0,0.0002906322479248047,1.430511474609375e-06,0.00029206275939941406,0.0002892017364501953,10.009379863739014,0.0,10.009379863739014,10.009379863739014
127.0.0.1,127.0.0.1,8191,49706,TCP,10.009886980056763,0,4,0.0,1852,0,0,0,0,882,44,463.0,419.0,185.01707398793206,0.3996049114210196,3.3366289933522544,4.718396954314796,10.00944995880127,0.00021314620971679688,0,0.0,0.0,0,0,10.009886980056763,3.3366289933522544,4.718396954314796,10.00944995880127,0.00021314620971679688,0,0,0,0,0.0,80,0.0,0.3996049114210196,44,882,463.0,419.0,175561.0,0,0,0,0,0,0,0,0,0,463.0,0,463.0,0,0,0,0,0,0,0,0.0,4,1852,937,0,0,0,0.00021851062774658203,5.364418029785156e-06,0.0002238750457763672,0.00021314620971679688,10.00944995880127,0.0,10.00944995880127,10.00944995880127
127.0.0.1,127.0.0.1,49729,8191,TCP,10.02300214767456,0,391,0.0,60254,0,0,0,0,398,44,154.10230179028133,111.47176202391847,6011.572093095834,39.010268005451444,0.02570000550685785,0.35631896603118673,4.990811109542847,2.7179718017578125e-05,0,0.0,0.0,0,0,10.02300214767456,0.02570000550685785,0.35631896603118673,4.990811109542847,2.7179718017578125e-05,0,0,0,0,0.0,7820,0.0,39.010268005451444,44,398,154.10230179028133,111.47176202391847,12425.953728717112,0,0,0,0,0,0,0,0,0,154.10230179028133,0,154.10230179028133,0,0,0,0,0,0,0,0.0,391,60254,774,0,0,0,0.00011780950211987053,0.00035239343759977873,0.005867958068847656,2.7179718017578125e-05,4.988646030426025,0.002165079116821289,4.990811109542847,4.986480951309204
127.0.0.1,127.0.0.1,8191,49729,TCP,10.022942066192627,0,390,0.0,44865,0,0,0,0,2574,44,115.03846153846153,266.31168563419334,4476.2306021232625,38.910730743966845,0.025765917907950197,0.3567801509448793,4.990925073623657,-7.605552673339844e-05,0,0.0,0.0,0,0,10.022942066192627,0.025765917907950197,0.3567801509448793,4.990925073623657,-7.605552673339844e-05,0,0,0,0,0.0,7800,0.0,38.910730743966845,44,2574,115.03846153846153,266.31168563419334,70921.91390532543,0,0,0,0,0,0,0,0,0,115.03846153846153,0,115.03846153846153,0,0,0,0,0,0,0,0.0,390,44865,985,0,0,0,0.00011753789522235092,0.00035856034121464964,0.005982160568237305,-7.605552673339844e-05,4.988727450370789,0.0021976232528686523,4.990925073623657,4.98652982711792
127.0.0.1,127.0.0.1,49720,8191,TCP,10.004945993423462,0,4,0.0,568,0,0,0,0,240,44,142.0,98.0,56.77192064538506,0.399802258066092,3.334981997807821,4.715922091456806,10.004302978515625,0.000286102294921875,0,0.0,0.0,0,0,10.004945993423462,3.334981997807821,4.715922091456806,10.004302978515625,0.000286102294921875,0,0,0,0,0.0,80,0.0,0.399802258066092,44,240,142.0,98.0,9604.0,0,0,0,0,0,0,0,0,0,142.0,0,142.0,0,0,0,0,0,0,0,0.0,4,568,827,0,0,0,0.00032150745391845703,3.540515899658203e-05,0.00035691261291503906,0.000286102294921875,10.004302978515625,0.0,10.004302978515625,10.004302978515625
127.0.0.1,127.0.0.1,8191,49720,TCP,10.004866123199463,0,4,0.0,1852,0,0,0,0,882,44,463.0,419.0,185.10992323081157,0.3998054497425736,3.334955374399821,4.7159783433877305,10.004355907440186,0.00023603439331054688,0,0.0,0.0,0,0,10.004866123199463,3.334955374399821,4.7159783433877305,10.004355907440186,0.00023603439331054688,0,0,0,0,0.0,80,0.0,0.3998054497425736,44,882,463.0,419.0,175561.0,0,0,0,0,0,0,0,0,0,463.0,0,463.0,0,0,0,0,0,0,0,0.0,4,1852,937,0,0,0,0.0002551078796386719,1.9073486328125e-05,0.0002741813659667969,0.00023603439331054688,10.004355907440186,0.0,10.004355907440186,10.004355907440186
127.0.0.1,127.0.0.1,53113,8089,TCP,0.002978086471557617,0,11,0.0,1248,0,0,0,0,453,44,113.45454545454545,126.96697039091679,419061.0353054199,3693.6469458009765,0.0002978086471557617,0.00023961950755553807,0.0008602142333984375,3.600120544433594e-05,0,0.0,0.0,0,0,0.002978086471557617,0.0002978086471557617,0.00023961950755553807,0.0008602142333984375,3.600120544433594e-05,0,0,0,0,0.0,232,0.0,3693.6469458009765,44,453,113.45454545454545,126.96697039091679,16120.611570247938,0,0,0,0,0,0,0,0,0,113.45454545454545,0,113.45454545454545,0,0,0,0,0,0,0,0.0,11,1248,65535,0,0,4,0.0002978086471557617,0.00023961950755553807,0.0008602142333984375,3.600120544433594e-05,0.0,0.0,0.0,0.0
127.0.0.1,127.0.0.1,8089,53113,TCP,0.0026400089263916016,0,9,0.0,3324,0,0,0,0,2196,44,369.3333333333333,655.432851039847,1259086.6518558657,3409.0793822812248,0.0003300011157989502,0.00024504916950248475,0.0008089542388916016,4.1961669921875e-05,0,0.0,0.0,0,0,0.0026400089263916016,0.0003300011157989502,0.00024504916950248475,0.0008089542388916016,4.1961669921875e-05,0,0,0,0,0.0,192,0.0,3409.0793822812248,44,2196,369.3333333333333,655.432851039847,429592.22222222225,0,0,0,0,0,0,0,0,0,369.3333333333333,0,369.3333333333333,0,0,0,0,0,0,0,0.0,9,3324,65535,0,0,4,0.0003300011157989502,0.00024504916950248475,0.0008089542388916016,4.1961669921875e-05,0.0,0.0,0.0,0.0
127.0.0.1,127.0.0.1,49726,8191,TCP,10.010579109191895,0,4,0.0,568,0,0,0,0,240,44,142.0,98.0,56.73997416177973,0.39957728282943467,3.336859703063965,4.718632695694686,10.010014057159424,0.00027108192443847656,0,0.0,0.0,0,0,10.010579109191895,3.336859703063965,4.718632695694686,10.010014057159424,0.00027108192443847656,0,0,0,0,0.0,80,0.0,0.39957728282943467,44,240,142.0,98.0,9604.0,0,0,0,0,0,0,0,0,0,142.0,0,142.0,0,0,0,0,0,0,0,0.0,4,568,827,0,0,0,0.00028252601623535156,1.1444091796875e-05,0.00029397010803222656,0.00027108192443847656,10.010014057159424,0.0,10.010014057159424,10.010014057159424
127.0.0.1,127.0.0.1,8191,49726,TCP,10.010516881942749,0,4,0.0,1852,0,0,0,0,882,44,463.0,419.0,185.00543197131904,0.39957976667671496,3.336838960647583,4.718687655181691,10.010071039199829,0.00021386146545410156,0,0.0,0.0,0,0,10.010516881942749,3.336838960647583,4.718687655181691,10.010071039199829,0.00021386146545410156,0,0,0,0,0.0,80,0.0,0.39957976667671496,44,882,463.0,419.0,175561.0,0,0,0,0,0,0,0,0,0,463.0,0,463.0,0,0,0,0,0,0,0,0.0,4,1852,937,0,0,0,0.00022292137145996094,9.059906005859375e-06,0.0002319812774658203,0.00021386146545410156,10.010071039199829,0.0,10.010071039199829,10.010071039199829
127.0.0.1,127.0.0.1,53114,8000,TCP,3.79042387008667,0,5950,0.0,6594068,0,0,0,0,65324,44,1108.2467226890756,8135.9423509791195,1739665.0680783158,1569.7452854696037,0.0006371531131428256,0.004722829518646199,0.11683011054992676,1.4066696166992188e-05,0,0.0,0.0,0,0,3.79042387008667,0.0006371531131428256,0.004722829518646199,0.11683011054992676,1.4066696166992188e-05,0,0,0,0,0.0,119012,0.0,1569.7452854696037,44,65324,1108.2467226890756,8135.9423509791195,66193557.93845565,0,0,0,0,0,0,0,0,0,1108.2467226890756,0,1108.2467226890756,0,0,0,0,0,0,0,0.0,5950,6594068,65535,0,0,4,0.0006371531131428256,0.004722829518646199,0.11683011054992676,1.4066696166992188e-05,0.0,0.0,0.0,0.0
127.0.0.1,127.0.0.1,53115,8000,TCP,3.791041851043701,0,5493,0.0,6579784,0,0,0,0,65324,44,1197.848898598216,8461.488680426359,1735613.6541168855,1448.9420628494875,0.0006902843865702296,0.004987824221350231,0.14345812797546387,1.5020370483398438e-05,0,0.0,0.0,0,0,3.791041851043701,0.0006902843865702296,0.004987824221350231,0.14345812797546387,1.5020370483398438e-05,0,0,0,0,0.0,109872,0.0,1448.9420628494875,44,65324,1197.848898598216,8461.488680426359,71596790.6889834,0,0,0,0,0,0,0,0,0,1197.848898598216,0,1197.848898598216,0,0,0,0,0,0,0,0.0,5493,6579784,65535,0,0,4,0.0006902843865702296,0.004987824221350231,0.14345812797546387,1.5020370483398438e-05,0.0,0.0,0.0,0.0
127.0.0.1,127.0.0.1,53116,8000,TCP,3.7902231216430664,0,6239,0.0,6561920,0,0,0,0,65324,44,1051.7582945984934,7906.363846740733,1731275.3865412017,1646.0772360270405,0.0006076022958709629,0.004965815009310533,0.20653009414672852,1.1920928955078125e-05,0,0.0,0.0,0,0,3.7902231216430664,0.0006076022958709629,0.004965815009310533,0.20653009414672852,1.1920928955078125e-05,0,0,0,0,0.0,124792,0.0,1646.0772360270405,44,65324,1051.7582945984934,7906.363846740733,62510589.277048916,0,0,0,0,0,0,0,0,0,1051.7582945984934,0,1051.7582945984934,0,0,0,0,0,0,0,0.0,6239,6561920,65535,0,0,4,0.0006076022958709629,0.004965815009310533,0.20653009414672852,1.1920928955078125e-05,0.0,0.0,0.0,0.0
127.0.0.1,127.0.0.1,53121,8000,TCP,3.790613889694214,0,6116,0.0,6533084,0,0,0,0,65324,44,1068.19555264879,7984.494849210962,1723489.701170018,1613.4589747132945,0.000619887798805268,0.004623139857716438,0.10033679008483887,1.4066696166992188e-05,0,0.0,0.0,0,0,3.790613889694214,0.000619887798805268,0.004623139857716438,0.10033679008483887,1.4066696166992188e-05,0,0,0,0,0.0,122332,0.0,1613.4589747132945,44,65324,1068.19555264879,7984.494849210962,63752157.99707638,0,0,0,0,0,0,0,0,0,1068.19555264879,0,1068.19555264879,0,0,0,0,0,0,0,0.0,6116,6533084,65535,0,0,4,0.000619887798805268,0.004623139857716438,0.10033679008483887,1.4066696166992188e-05,0.0,0.0,0.0,0.0
127.0.0.1,127.0.0.1,53118,8000,TCP,3.7908098697662354,0,5042,0.0,6552260,0,0,0,0,65324,44,1299.5358984529948,8824.763769162082,1728459.1485998353,1330.0587930333,0.0007519956099516435,0.005323339626235672,0.15316081047058105,1.4781951904296875e-05,0,0.0,0.0,0,0,3.7908098697662354,0.0007519956099516435,0.005323339626235672,0.15316081047058105,1.4781951904296875e-05,0,0,0,0,0.0,100852,0.0,1330.0587930333,44,65324,1299.5358984529948,8824.763769162082,77876455.58151576,0,0,0,0,0,0,0,0,0,1299.5358984529948,0,1299.5358984529948,0,0,0,0,0,0,0,0.0,5042,6552260,65535,0,0,4,0.0007519956099516435,0.005323339626235672,0.15316081047058105,1.4781951904296875e-05,0.0,0.0,0.0,0.0
127.0.0.1,127.0.0.1,53117,8000,TCP,3.7895119190216064,0,5685,0.0,6522824,0,0,0,0,65324,44,1147.3744942832013,8276.3713393613,1721283.4104725795,1500.1931967713085,0.0006666980856829005,0.004957493116044049,0.1505439281463623,1.3828277587890625e-05,0,0.0,0.0,0,0,3.7895119190216064,0.0006666980856829005,0.004957493116044049,0.1505439281463623,1.3828277587890625e-05,0,0,0,0,0.0,113712,0.0,1500.1931967713085,44,65324,1147.3744942832013,8276.3713393613,68498322.54700117,0,0,0,0,0,0,0,0,0,1147.3744942832013,0,1147.3744942832013,0,0,0,0,0,0,0,0.0,5685,6522824,65535,0,0,4,0.0006666980856829005,0.004957493116044049,0.1505439281463623,1.3828277587890625e-05,0.0,0.0,0.0,0.0
127.0.0.1,127.0.0.1,53120,8000,TCP,3.7897450923919678,0,5034,0.0,6494404,0,0,0,0,65324,44,1290.1080651569328,8785.197062159723,1713678.3191665635,1328.321530148799,0.0007529793547371285,0.005445316378119289,0.16481804847717285,1.4066696166992188e-05,0,0.0,0.0,0,0,3.7897450923919678,0.0007529793547371285,0.005445316378119289,0.16481804847717285,1.4066696166992188e-05,0,0,0,0,0.0,100692,0.0,1328.321530148799,44,65324,1290.1080651569328,8785.197062159723,77179687.42097981,0,0,0,0,0,0,0,0,0,1290.1080651569328,0,1290.1080651569328,0,0,0,0,0,0,0,0.0,5034,6494404,65535,0,0,4,0.0007529793547371285,0.005445316378119289,0.16481804847717285,1.4066696166992188e-05,0.0,0.0,0.0,0.0
127.0.0.1,127.0.0.1,53119,8000,TCP,3.787600040435791,0,4573,0.0,6456776,0,0,0,0,65324,44,1411.9343975508418,9228.568201664355,1704714.3127755118,1207.3608488698408,0.0008284339546010042,0.005676822228244747,0.1447618007659912,1.4781951904296875e-05,0,0.0,0.0,0,0,3.787600040435791,0.0008284339546010042,0.005676822228244747,0.1447618007659912,1.4781951904296875e-05,0,0,0,0,0.0,91472,0.0,1207.3608488698408,44,65324,1411.9343975508418,9228.568201664355,85166471.05277047,0,0,0,0,0,0,0,0,0,1411.9343975508418,0,1411.9343975508418,0,0,0,0,0,0,0,0.0,4573,6456776,65535,0,0,4,0.0008284339546010042,0.005676822228244747,0.1447618007659912,1.4781951904296875e-05,0.0,0.0,0.0,0.0
127.0.0.1,127.0.0.1,53122,8000,TCP,3.791199207305908,0,6119,0.0,6600896,0,0,0,0,65324,44,1078.7540447785586,8024.700895259691,1741110.3028507729,1614.0011815280652,0.0006196795042997562,0.0046662868475915225,0.11859416961669922,1.811981201171875e-05,0,0.0,0.0,0,0,3.791199207305908,0.0006196795042997562,0.0046662868475915225,0.11859416961669922,1.811981201171875e-05,0,0,0,0,0.0,122392,0.0,1614.0011815280652,44,65324,1078.7540447785586,8024.700895259691,64395824.45838168,0,0,0,0,0,0,0,0,0,1078.7540447785586,0,1078.7540447785586,0,0,0,0,0,0,0,0.0,6119,6600896,65535,0,0,4,0.0006196795042997562,0.0046662868475915225,0.11859416961669922,1.811981201171875e-05,0.0,0.0,0.0,0.0
127.0.0.1,127.0.0.1,53123,8000,TCP,3.789879083633423,0,5363,0.0,6533456,0,0,0,0,65324,44,1218.2465038224875,8516.164926349871,1723922.0185717014,1415.0847247766012,0.0007068032606552449,0.005040644544401191,0.1263129711151123,1.3828277587890625e-05,0,0.0,0.0,0,0,3.789879083633423,0.0007068032606552449,0.005040644544401191,0.1263129711151123,1.3828277587890625e-05,0,0,0,0,0.0,107272,0.0,1415.0847247766012,44,65324,1218.2465038224875,8516.164926349871,72525065.0527917,0,0,0,0,0,0,0,0,0,1218.2465038224875,0,1218.2465038224875,0,0,0,0,0,0,0,0.0,5363,6533456,65535,0,0,4,0.0007068032606552449,0.005040644544401191,0.1263129711151123,1.3828277587890625e-05,0.0,0.0,0.0,0.0
127.0.0.1,127.0.0.1,8000,53115,TCP,3.7909610271453857,0,5588,0.0,245884,0,0,0,0,56,44,44.00214745884037,0.16051446821079904,64860.59820698077,1474.0325632436782,0.0006785324909871819,0.004779105638304711,0.1415870189666748,1.4066696166992188e-05,0,0.0,0.0,0,0,3.7909610271453857,0.0006785324909871819,0.004779105638304711,0.1415870189666748,1.4066696166992188e-05,0,0,0,0,0.0,111772,0.0,1474.0325632436782,44,56,44.00214745884037,0.16051446821079904,0.025764894504995618,0,0,0,0,0,0,0,0,0,44.00214745884037,0,44.00214745884037,0,0,0,0,0,0,0,0.0,5588,245884,65535,0,0,4,0.0006785324909871819,0.004779105638304711,0.1415870189666748,1.4066696166992188e-05,0.0,0.0,0.0,0.0
127.0.0.1,127.0.0.1,8000,53118,TCP,3.7907330989837646,0,5134,0.0,225908,0,0,0,0,56,44,44.00233735878457,0.1674599718404173,59594.805041948835,1354.3554415309122,0.0007385024545068702,0.005110087019890118,0.15179800987243652,1.4781951904296875e-05,0,0.0,0.0,0,0,3.7907330989837646,0.0007385024545068702,0.005110087019890118,0.15179800987243652,1.4781951904296875e-05,0,0,0,0,0.0,102692,0.0,1354.3554415309122,44,56,44.00233735878457,0.1674599718404173,0.028042842168793353,0,0,0,0,0,0,0,0,0,44.00233735878457,0,44.00233735878457,0,0,0,0,0,0,0,0.0,5134,225908,65535,0,0,4,0.0007385024545068702,0.005110087019890118,0.15179800987243652,1.4781951904296875e-05,0.0,0.0,0.0,0.0
127.0.0.1,127.0.0.1,8000,53119,TCP,3.791321039199829,0,4666,0.0,205316,0,0,0,0,56,44,44.00257179597085,0.17565573578941301,54154.211125136644,1230.7055909421942,0.0008127161927545185,0.0054509650176654545,0.14458918571472168,1.4066696166992188e-05,0,0.0,0.0,0,0,3.791321039199829,0.0008127161927545185,0.0054509650176654545,0.14458918571472168,1.4066696166992188e-05,0,0,0,0,0.0,93332,0.0,1230.7055909421942,44,56,44.00257179597085,0.17565573578941301,0.03085493751572007,0,0,0,0,0,0,0,0,0,44.00257179597085,0,44.00257179597085,0,0,0,0,0,0,0,0.0,4666,205316,65535,0,0,4,0.0008127161927545185,0.0054509650176654545,0.14458918571472168,1.4066696166992188e-05,0.0,0.0,0.0,0.0
127.0.0.1,127.0.0.1,8000,53117,TCP,3.789440155029297,0,5776,0.0,254156,0,0,0,0,56,44,44.00207756232687,0.15788106807725763,67069.53787426552,1524.2357086268182,0.0006561801134249864,0.004763090992971718,0.14895296096801758,1.3828277587890625e-05,0,0.0,0.0,0,0,3.789440155029297,0.0006561801134249864,0.004763090992971718,0.14895296096801758,1.3828277587890625e-05,0,0,0,0,0.0,115532,0.0,1524.2357086268182,44,56,44.00207756232687,0.15788106807725763,0.024926431657215663,0,0,0,0,0,0,0,0,0,44.00207756232687,0,44.00207756232687,0,0,0,0,0,0,0,0.0,5776,254156,65535,0,0,4,0.0006561801134249864,0.004763090992971718,0.14895296096801758,1.3828277587890625e-05,0.0,0.0,0.0,0.0
127.0.0.1,127.0.0.1,8000,53120,TCP,3.7896759510040283,0,5124,0.0,225468,0,0,0,0,56,44,44.002341920374704,0.16762326779252829,59495.32437998162,1352.0944973256774,0.0007397376441546025,0.005239964522466257,0.16355299949645996,1.5020370483398438e-05,0,0.0,0.0,0,0,3.7896759510040283,0.0007397376441546025,0.005239964522466257,0.16355299949645996,1.5020370483398438e-05,0,0,0,0,0.0,102492,0.0,1352.0944973256774,44,56,44.002341920374704,0.16762326779252829,0.028097559905445654,0,0,0,0,0,0,0,0,0,44.002341920374704,0,44.002341920374704,0,0,0,0,0,0,0,0.0,5124,225468,65535,0,0,4,0.0007397376441546025,0.005239964522466257,0.16355299949645996,1.5020370483398438e-05,0.0,0.0,0.0,0.0
127.0.0.1,127.0.0.1,8000,53122,TCP,3.7911579608917236,0,6211,0.0,273296,0,0,0,0,56,44,44.001932056029624,0.1522528801533708,72087.73752484786,1638.2857332958772,0.0006104924252643677,0.004476000145766887,0.11713290214538574,1.9073486328125e-05,0,0.0,0.0,0,0,3.7911579608917236,0.0006104924252643677,0.004476000145766887,0.11713290214538574,1.9073486328125e-05,0,0,0,0,0.0,124232,0.0,1638.2857332958772,44,56,44.001932056029624,0.1522528801533708,0.023180939514996692,0,0,0,0,0,0,0,0,0,44.001932056029624,0,44.001932056029624,0,0,0,0,0,0,0,0.0,6211,273296,65535,0,0,4,0.0006104924252643677,0.004476000145766887,0.11713290214538574,1.9073486328125e-05,0.0,0.0,0.0,0.0
127.0.0.1,127.0.0.1,8000,53121,TCP,3.7905309200286865,0,6209,0.0,273208,0,0,0,0,56,44,44.00193267837011,0.1522773955503988,72076.44674691965,1638.0291128064484,0.0006105880992314251,0.004434708112145509,0.09887099266052246,1.4066696166992188e-05,0,0.0,0.0,0,0,3.7905309200286865,0.0006105880992314251,0.004434708112145509,0.09887099266052246,1.4066696166992188e-05,0,0,0,0,0.0,124192,0.0,1638.0291128064484,44,56,44.00193267837011,0.1522773955503988,0.02318840519561261,0,0,0,0,0,0,0,0,0,44.00193267837011,0,44.00193267837011,0,0,0,0,0,0,0,0.0,6209,273208,65535,0,0,4,0.0006105880992314251,0.004434708112145509,0.09887099266052246,1.4066696166992188e-05,0.0,0.0,0.0,0.0
127.0.0.1,127.0.0.1,8000,53114,TCP,3.7903380393981934,0,6040,0.0,265772,0,0,0,0,56,44,44.001986754966886,0.1543927213548312,70118.28423677948,1593.525415732839,0.0006276433249541635,0.004520101145948268,0.11556196212768555,1.5020370483398438e-05,0,0.0,0.0,0,0,3.7903380393981934,0.0006276433249541635,0.004520101145948268,0.11556196212768555,1.5020370483398438e-05,0,0,0,0,0.0,120812,0.0,1593.525415732839,44,56,44.001986754966886,0.1543927213548312,0.023837112407350553,0,0,0,0,0,0,0,0,0,44.001986754966886,0,44.001986754966886,0,0,0,0,0,0,0,0.0,6040,265772,65535,0,0,4,0.0006276433249541635,0.004520101145948268,0.11556196212768555,1.5020370483398438e-05,0.0,0.0,0.0,0.0
127.0.0.1,127.0.0.1,8000,53116,TCP,3.7901411056518555,0,6329,0.0,278488,0,0,0,0,56,44,44.00189603412861,0.1508271016692786,73476.94775392898,1669.8586737475816,0.0005989477094898634,0.004784301071831293,0.2047719955444336,1.1920928955078125e-05,0,0.0,0.0,0,0,3.7901411056518555,0.0005989477094898634,0.004784301071831293,0.2047719955444336,1.1920928955078125e-05,0,0,0,0,0.0,126592,0.0,1669.8586737475816,44,56,44.00189603412861,0.1508271016692786,0.0227488145979549,0,0,0,0,0,0,0,0,0,44.00189603412861,0,44.00189603412861,0,0,0,0,0,0,0,0.0,6329,278488,65535,0,0,4,0.0005989477094898634,0.004784301071831293,0.2047719955444336,1.1920928955078125e-05,0.0,0.0,0.0,0.0
127.0.0.1,127.0.0.1,8000,53123,TCP,3.789836883544922,0,5458,0.0,240164,0,0,0,0,56,44,44.00219860754855,0.16241445966255114,63370.53740828983,1440.1675237522936,0.0006944909077414187,0.004837430935783446,0.12489199638366699,1.4066696166992188e-05,0,0.0,0.0,0,0,3.789836883544922,0.0006944909077414187,0.004837430935783446,0.12489199638366699,1.4066696166992188e-05,0,0,0,0,0.0,109172,0.0,1440.1675237522936,44,56,44.00219860754855,0.16241445966255114,0.02637845670747845,0,0,0,0,0,0,0,0,0,44.00219860754855,0,44.00219860754855,0,0,0,0,0,0,0,0.0,5458,240164,65535,0,0,4,0.0006944909077414187,0.004837430935783446,0.12489199638366699,1.4066696166992188e-05,0.0,0.0,0.0,0.0
127.0.0.1,127.0.0.1,53127,8089,TCP,0.0037670135498046875,0,11,0.0,1233,0,0,0,0,438,44,112.0909090909091,123.34169430374715,327314.9893670886,2920.0850632911392,0.00037670135498046875,0.0003219089125000193,0.001032114028930664,3.1948089599609375e-05,0,0.0,0.0,0,0,0.0037670135498046875,0.00037670135498046875,0.0003219089125000193,0.001032114028930664,3.1948089599609375e-05,0,0,0,0,0.0,232,0.0,2920.0850632911392,44,438,112.0909090909091,123.34169430374715,15213.17355371901,0,0,0,0,0,0,0,0,0,112.0909090909091,0,112.0909090909091,0,0,0,0,0,0,0,0.0,11,1233,65535,0,0,4,0.00037670135498046875,0.0003219089125000193,0.001032114028930664,3.1948089599609375e-05,0.0,0.0,0.0,0.0
127.0.0.1,127.0.0.1,8089,53127,TCP,0.0034008026123046875,0,9,0.0,3254,0,0,0,0,2196,44,361.55555555555554,657.7929615364652,956832.9512058329,2646.4340998317443,0.00042510032653808594,0.00033714663281681536,0.0009601116180419922,4.100799560546875e-05,0,0.0,0.0,0,0,0.0034008026123046875,0.00042510032653808594,0.00033714663281681536,0.0009601116180419922,4.100799560546875e-05,0,0,0,0,0.0,192,0.0,2646.4340998317443,44,2196,361.55555555555554,657.7929615364652,432691.58024691354,0,0,0,0,0,0,0,0,0,361.55555555555554,0,361.55555555555554,0,0,0,0,0,0,0,0.0,9,3254,65535,0,0,4,0.00042510032653808594,0.00033714663281681536,0.0009601116180419922,4.100799560546875e-05,0.0,0.0,0.0,0.0
127.0.0.1,127.0.0.1,53128,8089,TCP,0.019320964813232422,0,11,0.0,1248,0,0,0,0,453,44,113.45454545454545,126.96697039091679,64593.047607295346,569.3297465386609,0.0019320964813232422,0.004706748172087487,0.016026020050048828,2.09808349609375e-05,0,0.0,0.0,0,0,0.019320964813232422,0.0019320964813232422,0.004706748172087487,0.016026020050048828,2.09808349609375e-05,0,0,0,0,0.0,232,0.0,569.3297465386609,44,453,113.45454545454545,126.96697039091679,16120.611570247938,0,0,0,0,0,0,0,0,0,113.45454545454545,0,113.45454545454545,0,0,0,0,0,0,0,0.0,11,1248,65535,0,0,4,0.0019320964813232422,0.004706748172087487,0.016026020050048828,2.09808349609375e-05,0.0,0.0,0.0,0.0
127.0.0.1,127.0.0.1,8089,53128,TCP,0.018943071365356445,0,9,0.0,3324,0,0,0,0,2196,44,369.3333333333333,655.432851039847,175473.12871760663,475.107749235397,0.0023678839206695557,0.005193526561520982,0.016086101531982422,3.0040740966796875e-05,0,0.0,0.0,0,0,0.018943071365356445,0.0023678839206695557,0.005193526561520982,0.016086101531982422,3.0040740966796875e-05,0,0,0,0,0.0,192,0.0,475.107749235397,44,2196,369.3333333333333,655.432851039847,429592.22222222225,0,0,0,0,0,0,0,0,0,369.3333333333333,0,369.3333333333333,0,0,0,0,0,0,0,0.0,9,3324,65535,0,0,4,0.0023678839206695557,0.005193526561520982,0.016086101531982422,3.0040740966796875e-05,0.0,0.0,0.0,0.0
127.0.0.1,127.0.0.1,53129,8089,TCP,0.017973899841308594,0,11,0.0,1248,0,0,0,0,453,44,113.45454545454545,126.96697039091679,69434.01326471056,611.9985143524168,0.0017973899841308594,0.004463294446397102,0.015162944793701172,2.193450927734375e-05,0,0.0,0.0,0,0,0.017973899841308594,0.0017973899841308594,0.004463294446397102,0.015162944793701172,2.193450927734375e-05,0,0,0,0,0.0,232,0.0,611.9985143524168,44,453,113.45454545454545,126.96697039091679,16120.611570247938,0,0,0,0,0,0,0,0,0,113.45454545454545,0,113.45454545454545,0,0,0,0,0,0,0,0.0,11,1248,65535,0,0,4,0.0017973899841308594,0.004463294446397102,0.015162944793701172,2.193450927734375e-05,0.0,0.0,0.0,0.0
127.0.0.1,127.0.0.1,8089,53129,TCP,0.017625093460083008,0,9,0.0,3324,0,0,0,0,2196,44,369.3333333333333,655.432851039847,188594.74461954684,510.63559012512684,0.002203136682510376,0.004926239455367632,0.01521611213684082,2.8848648071289062e-05,0,0.0,0.0,0,0,0.017625093460083008,0.002203136682510376,0.004926239455367632,0.01521611213684082,2.8848648071289062e-05,0,0,0,0,0.0,192,0.0,510.63559012512684,44,2196,369.3333333333333,655.432851039847,429592.22222222225,0,0,0,0,0,0,0,0,0,369.3333333333333,0,369.3333333333333,0,0,0,0,0,0,0,0.0,9,3324,65535,0,0,4,0.002203136682510376,0.004926239455367632,0.01521611213684082,2.8848648071289062e-05,0.0,0.0,0.0,0.0
